<?xml version="1.0" encoding="UTF-8"?>
<gesmes:Envelope xmlns:gesmes="http://www.gesmes.org/xml/2002-08-01" xmlns="http://www.ecb.int/vocabulary/2002-08-01/eurofxref">
    <gesmes:subject>Reference rates</gesmes:subject>
    <gesmes:Sender>
        <gesmes:name>European Central Bank</gesmes:name>
    </gesmes:Sender>
    <Cube>
        <Cube time='2018-10-18'>
            <Cube currency='USD' rate='1.1505'/>
            <Cube currency='JPY' rate='129.44'/>
            <Cube currency='BGN' rate='1.9558'/>
            <Cube currency='CZK' rate='25.863'/>
            <Cube currency='DKK' rate='7.4606'/>
            <Cube currency='GBP' rate='0.87843'/>
            <Cube currency='HUF' rate='322.42'/>
            <Cube currency='PLN' rate='4.2989'/>
            <Cube currency='RON' rate='4.6683'/>
            <Cube currency='SEK' rate='10.3330'/>
            <Cube currency='CHF' rate='1.1451'/>
            <Cube currency='ISK' rate='136.80'/>
            <Cube currency='NOK' rate='9.4598'/>
            <Cube currency='HRK' rate='7.4210'/>
            <Cube currency='RUB' rate='75.5050'/>
            <Cube currency='TRY' rate='6.4190'/>
            <Cube currency='AUD' rate='1.6119'/>
            <Cube currency='BRL' rate='4.2453'/>
            <Cube currency='CAD' rate='1.5009'/>
            <Cube currency='CNY' rate='7.9835'/>
            <Cube currency='HKD' rate='9.0192'/>
            <Cube currency='IDR' rate='17480.12'/>
            <Cube currency='ILS' rate='4.2009'/>
            <Cube currency='INR' rate='84.6850'/>
            <Cube currency='KRW' rate='1306.55'/>
            <Cube currency='MXN' rate='21.8143'/>
            <Cube currency='MYR' rate='4.7821'/>
            <Cube currency='NZD' rate='1.7522'/>
            <Cube currency='PHP' rate='62.137'/>
            <Cube currency='SGD' rate='1.5863'/>
            <Cube currency='THB' rate='37.512'/>
            <Cube currency='ZAR' rate='16.4104'/>
        </Cube>
    </Cube>
</gesmes:Envelope>